SKU,Quantity On Hand,Next Availability Date,Discontinued
K7743-B267,20,,N
K8086-A865,20,,N
K8086-F2294,10,,N
K8561-F2110,0,,N
K8562-F1399,10,,N
K8562-F2182,0,04/17/2022,N
K8562-F2262,0,04/17/2022,N
K8563-F2111,0,04/17/2022,N
K8566-B306,0,,N
K7743-B268,0,04/17/2022,N
K7743-B269,0,04/17/2022,N
K7743-B270,47,,N
K7743-F2327,0,,N
K7743-YDQY-2,0,04/17/2022,N
K7757-E697,10,,N
K7757-F2111,20,,N
K7982-F2348,20,,N
K8598-B306,0,04/17/2022,N
N4538-E608,20,,N
N6196-E074,0,04/17/2022,N
N6302-F1108,37,,N
N6302-F1550,20,,N
N6302-F1569,10,,N
N6302-F1570,0,,N
N8521-E208,36,,N
K4600-E155,20,,N
K4234-F1568,20,,N
K6935-F1594,10,,N
K7542-A855,58,,N
K7542-F2149,10,,N
K7542-F2377,39,,N
N8085PB-E074,0,04/17/2022,N
K3334-E155,0,,N
K5618-B214,20,,N
K5618-B219,32,,N
K5618-B220,20,,N
K5618-B238,40,,N
K6407-A795,20,,N
K6407-A822,10,,N
K6407-B218,10,,N
K6407-F2377,0,04/17/2022,N
K6465-A795,0,04/17/2022,N
K6465-A822,0,04/17/2022,N
K6465-B218,0,04/17/2022,N
K6864-F1538,0,04/17/2022,N
K7579-B214,20,,N
K7579-B219,0,04/17/2022,N
K7579-B220,20,,N
K7579-B238,0,04/17/2022,N
K7658-F2377,10,,N
K7761-F2377,0,,N
K6427-F1604,137,,N
K6427-F2350,0,04/17/2022,N
K6862-B215,0,04/17/2022,N
K6862-E843,96,,N
K6862-E844,0,04/17/2022,N
K6862-E845,0,04/17/2022,N
K6862-E846,20,,N
K7395-B269,20,,N
K7395-F2133,20,,N
K7395-F2134,10,,N
K7395-F2288,20,,N
K7395-F2289,20,,N
K7420-F2179,0,04/17/2022,N
K7572-F2182,20,,N
K7572-F2183,0,04/17/2022,N
K6384NP-B214,0,04/17/2022,N
K6384NP-F1532,0,04/17/2022,N
K6384NP-F2051,20,,N
K6384NP-F2052,20,,N
K6384NP-F2053,0,04/17/2022,N
K6384NP-F2054,20,,N
K6384NP-F2055,20,,N
K6384NP-F2244,10,,N
K6805-F2302,10,,N
N6354-F1331,32,,N
N6354-F1423,73,,N
N6354-F354,0,04/17/2022,N
N6354-F827,0,04/17/2022,N
N6354-F923,0,04/17/2022,N
N6354-YDQY-2,0,,N
K6410-F1423,0,04/17/2022,N
K7052-1501-5,34,,N
K7703-A832,34,,N
K7703-A837,0,04/17/2022,N
K7703-F1147,20,,N
K7703-F2273,0,04/17/2022,N
K7710-B271,20,,N
K7710-B272,0,04/17/2022,N
K7710-F2360,35,,N
K7710-F2371,32,,N
K6805-F2321,10,,N
K6805-F2343,0,04/17/2022,N
K6805-F2348,20,,N
K6805-F2349,0,,N
K6805-F2350,0,,N
K6805-F2354,0,,N
K6805-F2359,0,,N
K6805-F2372,10,,N
K6862-E847,0,,N
K6862-E848,80,,N
K6862-YDQY-2,42,,N
K7342-A824,41,,N
K7342-E903,20,,N
K7342-F2067,0,04/17/2022,N
K7342-F2182,58,,N
K7342-F2214,52,,N
K6995-F971,0,,N
K7460-F2101,10,,N
K7565-F2159,113,,N
K7575-A793,20,,N
K7575-F2060,0,04/17/2022,N
K7575-F2230,52,,N
K7575-F2231,61,,N
K7693-F2262,111,,N
K7342-F2236,0,04/17/2022,N
K7342-F2262,0,04/17/2022,N
K7342-F2267,0,04/17/2022,N
K7342-F2359,20,,N
K7342-YDQY-2,10,,N
K7380-F1447,67,,N
K7404-B304,10,,N
K7404-B305,0,04/17/2022,N
K7693-F2269,39,,N
K7693-F2270,35,,N
K7693-F2323,10,,N
K7700-F2280,20,,N
K7702-F2338,0,,N
N6354-A708,54,,N
N6354-E073,0,04/17/2022,N
N6354-E074,0,,N
K7490-A810,20,,N
K7490-A811,34,,N
K7490-F2012,0,04/17/2022,N
K7506-F2185,0,04/17/2022,N
K7646-A750,0,04/17/2022,N
K7646-A823,0,04/17/2022,N
K7646-A869,10,,N
K7685-E886,10,,N
K7052-1501-7,20,,N
K7052-F2208,20,,N
K7116-E903,0,04/17/2022,N
K7116-F2378,10,,N
K7116-F2380,20,,N
K7116-YDQY-2,20,,N
K7467-B227,32,,N
K7467-B233,47,,N
K7716-F2296,0,04/17/2022,N
K7716-F2297,0,,N
K7716-F2298,0,04/17/2022,N
K7833-F2369,0,04/17/2022,N
K8564-F2110,0,,N
N5762-E155,135,,N
N5762-E607,20,,N
N5762-F2110,0,,N
K7467-B255,20,,N
K7643-F2262,20,,N
K7802-YDQY-2,0,,N
K8597-B306,0,,N
N7718-F1158,20,,N
K6958-B118,20,,N
K6958-B123,20,,N
K6958-B200,0,04/17/2022,N
N5762-YDQY-2,20,,N
N7697S-F1539,0,04/17/2022,N
N7697S-F1563,10,,N
N7697S-F2182,20,,N
N8264-A848,0,04/17/2022,N
N8264-B119,0,04/17/2022,N
N8264-E697,0,04/17/2022,N
N8264-E903,0,,N
K6958-B203,10,,N
K6958-B254,20,,N
K6958-B255,10,,N
K6958-B258,20,,N
K6958-B274,0,04/17/2022,N
K6958-F1374,0,04/17/2022,N
K7224-B227,53,,N
K7224-B250,0,04/17/2022,N
N8264-F1044,20,,N
N8264-F1077,0,04/17/2022,N
N8264-F2110,0,,N
N8264-F2111,73,,N
N8264-F2206,0,04/17/2022,N
N8264-F2207,36,,N
N8264-YDQY-2,0,,N
K2380-E155,0,04/17/2022,N
K7225-B227,67,,N
K7225-B233,35,,N
K7225-B250,20,,N
K7399-B118,0,04/17/2022,N
K7399-B254,20,,N
K7401-A825,20,,N
K7401-E903,0,04/17/2022,N
K7401-F2060,34,,N
K2380-E169,0,,N
K2380-E903,0,,N
K2380-F1399,10,,N
K2380-YDQY-2,0,04/17/2022,N
K5668NP-A848,0,,N
K5668NP-F1289,39,,N
K5668NP-F1399,82,,N
K5668NP-F1438,36,,N
K7401-F2237,20,,N
K7401-F2267,10,,N
K7401-F2348,35,,N
K7401-F2353,10,,N
K7401-F2379,20,,N
K7401-F2380,0,04/17/2022,N
K7401-F2383,0,04/17/2022,N
K7478-F2232,0,04/17/2022,N
K6138-B230,31,,N
K6138-B231,31,,N
K6138-F1289,20,,N
K6138-F1386,79,,N
K6138-F2205,51,,N
K6138-F2206,20,,N
K6138-F2207,49,,N
K6138-F2208,20,,N
K7501-B227,0,04/17/2022,N
K7501-B233,10,,N
K7520-F2084,40,,N
K7573-B234,20,,N
K7658-B227,66,,N
K7658-B233,10,,N
K7803-YDQY-2,20,,N
K7898-F2365,0,04/17/2022,N
K6138-YDQY2,20,,N
K6159-A869,10,,N
K6159-E697,0,04/17/2022,N
K6159-E903,10,,N
K6159-F1332,157,,N
K6159-F1399,127,,N
K6159-F2205,20,,N
K6159-F2207,51,,N
K7905-F2371,0,04/17/2022,N
K7905-YDQY-2,20,,N
K7915-E899,10,,N
K7986-F2377,20,,N
K8176-YDQY-2,64,,N
K8537-B304,10,,N
K8537-B305,0,04/17/2022,N
K8596-B306,0,04/17/2022,N
K6159-F2208,0,04/17/2022,N
K6159-F2346,10,,N
K6159-F765,20,,N
K6159-YDQY-2,20,,N
K6189-F1332,35,,N
K6189-F1370,40,,N
K6211-B117,10,,N
K6211-B119,39,,N
K4710-E903,20,,N
K4710-F2383,0,04/17/2022,N
K4710-F696,20,,N
K4710-YDQY-2,0,04/17/2022,N
K5420-F1423,94,,N
K5508-E676,78,,N
K6171-A860,0,04/17/2022,N
K6171-B117,41,,N
K6211-B122,42,,N
K6211-B204,10,,N
K6211-B214,63,,N
K6211-B215,10,,N
K6211-B229,10,,N
K6384NP-A750,134,,N
K6384NP-A861,0,04/17/2022,N
K6384NP-A862,0,04/17/2022,N
K6171-B119,0,04/17/2022,N
K6171-B122,207,,N
K6171-B204,0,04/17/2022,N
K6171-B214,70,,N
K6171-B215,84,,N
K6171-B228,111,,N
K6171-B229,0,,N
K6171-B247,57,,N
K6384NP-F2245,10,,N
K6384NP-F2246,10,,N
K6384NP-F2247,20,,N
K6384NP-F2262,33,,N
K6384NP-F2349,20,,N
K6384NP-F2381,0,04/17/2022,N
K6384NP-F2382,0,04/17/2022,N
K6444-A755,20,,N
K6171-B258,75,,N
K6171-F2248,20,,N
K6171-F2250,0,04/17/2022,N
K6206-F409,0,04/17/2022,N
K6377-F1326,55,,N
K6377-F1374,48,,N
K6377-F2349,20,,N
K6427-A727,20,,N
K6813-F1570,42,,N
K6813-F2031,20,,N
K6861-E846,10,,N
K7378-F1087,0,04/17/2022,N
K7378-F1370,10,,N
K7378-F1374,20,,N
K7378-F1424,32,,N
K7395-B267,10,,N
K6427-F1530,0,04/17/2022,N
K6705A,20,,N
K6908-F2230,10,,N
K6499-F2060,0,,N
K6499-F2205,30,,N
K6499-F2206,0,,N
K6499-F2207,0,,N
K6499-F2208,33,,N
K6499-F2238,20,,N
K6499-F2349,55,,N
K6499-F2359,0,,N
K7576.29-F2060,0,04/17/2022,N
K7576.29-F2230,20,,N
K7576.29-F2231,0,04/17/2022,N
K7651.24-A853,20,,N
K7651.24-E903,20,,N
K7651.24-F1552,20,,N
K7651.24-F1553,10,,N
K7651.24-F1554,0,,N
K7143-J001,20,,N
K7243,80,,N
K7243-J001,0,,N
K7243-J038,10,,N
K7246-J014,0,,N
K7801-Y199,0,04/17/2022,N
K7821-Y199,10,,N
K4638-A765,20,,N
K4286-E844,10,,N
K4286-E848,10,,N
K4286-E886,0,,N
K6858.24-A750,49,,N
K6858.24-A793,39,,N
K6858.24-A794,37,,N
K6858.24-A825,0,04/17/2022,N
K6858.24-A832,33,,N
K6805-F2063,10,,N
K6805-F2069,10,,N
K6805-F2070,56,,N
K6805-F2087,20,,N
K6805-F2088,0,,N
K6805-F2090,0,,N
K6805-F2091,41,,N
K6805-F2092,0,04/17/2022,N
K4638-A847,0,04/17/2022,N
K4638-F1319,0,04/17/2022,N
K4638-F2114,20,,N
K4638-F2231,10,,N
K4638-F2244,20,,N
K4638-F2245,20,,N
K4638-F2246,20,,N
K4638-F2247,10,,N
K6858.24-F1374,20,,N
K6858.24-F1530,0,04/17/2022,N
K6858.24-F2051,44,,N
K6858.24-F2052,10,,N
K6858.24-F2262,10,,N
K6858.24-F765,20,,N
K6858.24-F975,20,,N
K6858.29-A793,20,,N
K6805-F2093,20,,N
K6805-F2096,0,,N
K6805-F2245,20,,N
K6805-F2247,10,,N
K6805-F2285,0,04/17/2022,N
K4638-F2262,0,04/17/2022,N
K4638-F2398,0,04/17/2022,N
K4638-F2399,20,,N
K6381-A727,20,,N
K6499-A727,0,,N
K6499-A750,116,,N
K6499-A769,20,,N
K6499-A793,20,,N
K6858.29-A825,0,04/17/2022,N
K6858.29-F1374,41,,N
K6858.29-F1530,10,,N
K6858.29-F2051,0,04/17/2022,N
K6858.29-F2052,47,,N
K6858.29-F2244,20,,N
K6858.29-F2246,50,,N
K6858.29-F2247,10,,N
K2984-A835,0,,N
K6499-A794,0,04/17/2022,N
K6499-A810,34,,N
K6499-A823,0,04/17/2022,N
K6499-A861,61,,N
K6499-A862,0,04/17/2022,N
K6499-B117,64,,N
K6499-B119,20,,N
K6499-B122,20,,N
K7446-F2105,39,,N
K7446-F2176,20,,N
K7446-F2178,0,04/17/2022,N
K7446-F2182,37,,N
K7446-F2183,0,04/17/2022,N
K7569.24-F1326,20,,N
K7570.24-F1210,10,,N
K7570.24-F1211,0,04/17/2022,N
K6499-B214,72,,N
K6499-B215,59,,N
K6499-B228,0,,N
K6499-B229,10,,N
K6499-B247,91,,N
K6499-F1598,65,,N
K6499-F2051,0,04/17/2022,N
K6499-F2055,0,04/17/2022,N
K7570.24-F2105,0,04/17/2022,N
K7570.24-F2176,0,04/17/2022,N
K7570.24-F2178,10,,N
K7570.24-F2182,0,,N
K7570.24-F2183,0,04/17/2022,N
K7576.24-A769,20,,N
K7576.24-A793,0,,N
K7576.24-F2060,0,04/17/2022,N
K6499-F2372,0,,N
K6699-F2099,20,,N
K6699-F2148,20,,N
K6699-F2230,68,,N
K6699-F2231,61,,N
K6699-F2352,57,,N
K6771-A750,30,,N
K6859-A832,0,04/17/2022,N
K7651.24-F2261,0,04/17/2022,N
K7651.24-F2267,0,04/17/2022,N
K7651.24-F2348,0,04/17/2022,N
K7651.24-F2353,38,,N
K7651.24-F2380,0,04/17/2022,N
K7651.24-F2383,10,,N
K7699.24-F2262,10,,N
K7699.24-F2269,10,,N
K6859-B300,10,,N
K6859-E900,0,,N
K6859-F1374,20,,N
K6859-F1550,38,,N
K6859-F1570,86,,N
K6859-F2011,0,,N
K6859-F2111,0,04/17/2022,N
K6859-F2141,10,,N
K7701.24-A839,20,,N
K7701.24-F2280,39,,N
K7701.24-F2281,20,,N
K7701.24-F2283,0,,N
K7854.24-F2011,0,,N
K7854.24-F2111,0,,N
K1136-44,0,,N
K1136-F662,0,,N
K6859-F2182,0,04/17/2022,N
K6859-F2351,0,04/17/2022,N
K6908-A804,20,,N
K6908-A869,20,,N
K6908-B258,20,,N
K6908-B267,10,,N
K6908-B268,20,,N
K6908-B270,0,04/17/2022,N
K1136-F765,169,,N
K1136-F772,48,,N
K1136-F975,0,,N
K2984-A836,0,,N
K2984-A837,0,04/17/2022,N
K2984-F2322,20,,N
K5506-F1210,0,04/17/2022,N
K5506-F1211,0,,N
K5506-F2176,47,,N
K6908-F1540,0,,N
K6908-F2044,0,04/17/2022,N
K6908-F2231,37,,N
K6908-F2237,10,,N
K6908-F2244,0,04/17/2022,N
K6908-F2262,80,,N
K6908-F2264,20,,N
K6908-F2269,32,,N
K6908-F2270,34,,N
K6908-F2302,10,,N
K6908-F2326,0,04/17/2022,N
K6908-F2327,10,,N
K6908-YDQY-2,10,,N
K7307-F2178,20,,N
K7609-B298,20,,N
K7609-B300,20,,N
K6780-B210,0,,N
K6805-A727,20,,N
K6805-A750,10,,N
K6805-A751,10,,N
K6805-A755,0,,N
K6805-A793,0,04/17/2022,N
K6805-A794,40,,N
K6805-A823,10,,N
K7609-F2360,20,,N
K7609-F2371,10,,N
K7683-F2105,35,,N
K7683-F2176,82,,N
K6858.24-F2246,0,04/17/2022,N
K7683-F2178,10,,N
K7683-F2182,39,,N
K7683-F2183,20,,N
K7746-A870,0,04/17/2022,N
K6805-A824,20,,N
K6805-A832,20,,N
K6805-A848,0,04/17/2022,N
K6805-A858,0,,N
K6805-B214,10,,N
K6805-B215,0,04/17/2022,N
K6805-B228,0,,N
K6805-B229,0,,N
K7746-F2378,10,,N
K7746-F2381,0,04/17/2022,N
K7746-F2383,10,,N
K8000-A750,0,04/17/2022,N
K8000-F2114,10,,N
K8000-F2231,20,,N
K8000-F2262,10,,N
K8000-F2398,20,,N
K8000-F2399,0,04/17/2022,N
K8506-F2114,10,,N
K8506-F2231,0,04/17/2022,N
K8506-F2399,0,04/17/2022,N
K8532-B306,0,04/17/2022,N
K8536-B302,20,,N
K8536-B303,81,,N
N6337-F1337,20,,N
K6805-E830,0,04/17/2022,N
K6805-E856,0,04/17/2022,N
K6805-F1547,0,04/17/2022,N
K6805-F1565,10,,N
K6805-F1569,0,04/17/2022,N
K6805-F1570,97,,N
K6805-F2004,20,,N
K6805-F2039,50,,N
K1401.24-YDQY-2,49,,N
K1401.29-F772,0,04/17/2022,N
K1401-24-E073,61,,N
K1401-24-E074,0,,N
K1401-29-E073,20,,N
K1401-29-E074,0,,N
K4004.24,0,,N
K4004.24-F2111,20,,N
K6805-F2051,39,,N
K6805-F2052,33,,N
K6805-F2053,20,,N
K6805-F2054,20,,N
K6805-F2055,110,,N
K6805-F2059,0,04/17/2022,N
K6805-F2061,138,,N
K6805-F2062,0,04/17/2022,N
K5506-F2182,20,,N
K5506-F2183,0,04/17/2022,N
K6378-F1374,10,,N
K6380-F1326,0,,N
K6380-F2099,0,04/17/2022,N
K6380-F2164,0,,N
K6757-F2352,20,,N
K6757-F2353,20,,N
